	loss1	loss2	loss3	loss4	loss5	total
0	372.22433751917237	372.22433751917237	0.3722243375191724	0.3722243375191724	37.22243375191724	782.4155574653003
1	6.450277461792994e+24	5.456602128907234e+39	0.23299836407767632	3.9468839470811295e+21	3.44896512835e+23	5.45660212890724e+39
